 地址,站点名称,站点类型,辐射区域 ,lat,lng,town
 石龙北路南海一中北门路口南侧人行道,南海一中,学校、居住小区,南海一中 ,23.052761,113.183101,桂城街道,潘合中街
 大德路供电所门口对面人行道,大德路,居住小区,平洲供电所、平洲实验小学 ,23.034982,113.190826,桂城街道,大德路
 南港路富景花园正门东公交站,富景花园,居住小区,富景花园 ,23.041404,113.193389,桂城街道,南港路辅路
 大德路平洲二中门口东侧人行道,平洲二中,学校、居住小区,平洲二中，大德社区居住区 ,23.036428,113.194752,桂城街道,大德路
 明德路与立新路路口东北侧小公园旁,明德立新路,居住小区,六村 ,23.032633,113.196805,桂城街道,六村大道
 南港路平洲公园门口西侧,平洲公园,休闲娱乐,平洲公园 ,23.04018,113.203965,桂城街道,南港路
 南港路平洲美食广场标志牌下,平洲美食广场,休闲娱乐,平洲美食广场、兴业渔村 ,23.044048,113.199592,桂城街道,竹基新村大街
 永安路鸿晖企业集团物业部门口人行道,猪栏桥,居住小区,大圩居委会、江一村 ,23.033486,113.205918,桂城街道,永安中路
 平洲卫生服务站门口旁,平洲敬老院,医院,平洲卫生所、平洲中心幼儿园 ,23.037275,113.183434,桂城街道,佛平四路
 永安路平洲派出所对出人行道,平洲渡口,公勤点,平洲派出所、平洲渡口 ,23.033769,113.205797,桂城街道,人民路
 永安路昇宝百货正门人行道,海天广场,休闲娱乐,平洲海天广场 ,23.032073,113.203335,桂城街道,东村大街
 永安路玉器街入口，农业银行门口人行道,玉器街口,休闲娱乐,玉器街 ,23.026704,113.202574,桂城街道,玉器街
 怡海路海逸城市花园正门口西侧,碧海湾,居住小区,海逸城市花园 ,23.021046,113.173616,桂城街道,平西大道
 永安路平洲影剧院，好好多对面人行道,平洲影剧院,学校、居住小区、休闲娱乐,平洲中心小学、平洲电影院 ,23.032981,113.202704,桂城街道,西河大街
 夏平中路、夏南路路口西南侧人行道,平洲三中,学校,平洲三中、夏南村 ,23.043696,113.173756,桂城街道,Y005(夏平东路)
 永安南路平洲一中门口北侧,平洲一中,学校,平洲一中 ,23.023087,113.196766,桂城街道,永安南路
 东信南路康怡丽苑东门口北侧人行道,康怡丽苑东,居住小区,康怡丽苑、大德社区居民委员会 ,23.032591,113.18911,桂城街道,佛平五路
 平洲美食广场东北角对面人行道,平洲美食广场东,产业区,平洲美食广场、昭信集团厂区 ,23.044048,113.199592,桂城街道,竹基新村大街
 佛平五路平西路口汽车站对面,平洲汽车站,车站,平洲汽车站、康怡花园、平洲花木市场 ,23.024775,113.188095,桂城街道,平西街
 石龙南路桂城中学门口南侧,桂城中学,学校,桂城中学 ,23.028831,113.183083,桂城街道,石龙南路
 夏东路中国建设银行对面停车场,平东小学,学校、居住小区、休闲娱乐,平东小学、平东村委会、玉器街 ,23.049937,113.153637,桂城街道,南平西路
 佛平路平洲敬老院公交站旁,富丰新城,居住小区,富丰新城 ,23.033801,113.182933,桂城街道,石龙南路
 佛平五路毛纺厂门口南侧人行道,平南市场,市场,毛纺厂、平南市场、梅园车站 ,23.026154,113.194018,桂城街道,佛平五路
 佛平路东方市场东门南侧,东方市场,市场,东方市场、东豪渔村 ,23.035938,113.188662,桂城街道,怡居二街
 沙尾桥底三山管委会门口北侧行人道,沙尾桥,产业区,金谷光电、三山管委会 ,31.208593,118.30008,龙湖街道,
 南平西路夏西橡塑城保安亭旁,金融C区站, ,夏西橡塑城 ,23.05054,113.15538,桂城街道,南平西路
 文华北路星晖园门口北侧人行道,星晖园,居住小区,星晖园 ,23.062982,113.12009,桂城街道,叠滘大道
 海三路小学门口,海三路小学,学校、居住小区,海三路小学、海三路居住小区 ,23.051311,113.125224,桂城街道,海三西路
 文化北路民润百货门口对出人行道,叠南市场,休闲娱乐,叠南市场、民润广场 ,23.052556,113.12091,桂城街道,叠滘路
 佛平路南海医院正门西侧,南海医院,医院,南海人民医院 ,23.039447,113.132293,桂城街道,佛平二路
 南桂西路、文华路路口西南，农业银行门口人行道,桂园小学,学校、居住小区,桂园小学、桂园市场 ,23.052613,113.146384,桂城街道,锦园路
 南一路、海六路路口西南人行道,时代名轩北,居住小区,附近居住小区 ,23.061113,113.129879,桂城街道,海六路
 海三路新文化广场内,新文化广场,休闲娱乐,千灯湖一、二期 ,23.050678,113.136498,桂城街道,海三路
 南新五路桂城中心小学北面公园旁,桂城中心小学,学校、居住小区,桂城中心小学、玫瑰村、牡丹村 ,23.036317,113.131693,桂城街道,天佑一路
 天佑三路桂江一中东面围墙边人行道,桂江一中,学校、居住小区,桂江一中、南海区教育局、南海区图书馆 ,23.030594,113.134567,桂城街道,南新三路
 桂澜路、东平路路口东南小公园旁,石肯桥北,居住小区,东二新村 ,23.030109,113.149852,桂城街道,南新三路
 海五路南海交警大队公交站旁,南海交警大队,公勤点,南海交警大队 ,23.05827,113.138973,桂城街道,海五路
 东平路实验中学正门西侧,南海实验中学,学校,实验中学、东二新村 ,23.03076,113.156533,桂城街道,东平路
 海四路、南六路路口西北，旧人才市场东面人行道,国土局站,居住小区,金菊村 ,39.612992,118.136344,友谊街道,西电路
 海三路、南五路路口东北路边,南光学校,居住小区,金菊村、南海体育馆 ,39.605361,118.193431,小山街道,解放路
 海五路万锦豪园北门公交站旁,万锦豪园北,居住小区、地铁口,万锦豪园 ,23.057942,113.140885,桂城街道,海五路
 桂澜路城市广场公交站对面人行道,南桂路站,地铁口,城市广场、百花时代广场 ,23.036559,113.151399,桂城街道,桂平西路
 桂华街桂华中学正门西侧人行道,桂华中学,学校、居住小区,桂华中学、富豪小区 ,23.025173,113.145274,桂城街道,桂华街
 南一路亿龙美食农庄门口,桂江二中,学校,桂江二中 ,23.055976,113.13001,桂城街道,南一路
 南六路南海实验小学正门西侧,南海实验小学,学校,实验小学 ,23.064237,113.139432,桂城街道,南六路
 宝翠南路万锦东苑人行道,万锦东苑站,休闲娱乐、地铁口,地铁站 ,23.032776,113.154469,桂城街道,宝翠南路
 华翠北路与桂澜路交界东南角,千灯湖地铁站,地铁站,地铁站 ,23.052259,113.142197,桂城街道,灯湖东路
 华翠北路白领公寓旁,益和公寓,居住区、产业区,益和公寓 ,23.175636,113.055852,狮山镇,石塘路
 夏平西路与桂南路交界东北角虫雷岗地铁出口,虫雷岗地铁出口站,地铁站,地铁站 ,23.038951,113.141687,桂城街道,天佑六路
 环岛南路平洲四中门口,平洲四中站,学校,平洲四中 ,23.017146,113.231582,桂城街道,环岛南路
 环岛西路基业花园门口内铡,基业花园站,居住小区,基业花园 ,23.030535,113.212697,桂城街道,谊丰路
 泰山路东区村委会门口旁,东区村委站,工勤点,东区村委 ,23.033427,113.230511,桂城街道,泰山路
 北区村委入口与三山港小学之间路段,北区村委(三山港小学)站,学校、居住小区,三山港小学、北区村委 ,22.519606,114.207446,,
 环岛南路河提公园入口,三山河提公园站,工勤点,中区村委 ,23.021192,113.22819,桂城街道,环岛南路
 三山小学门口正对村道,三山小学站,学校、居住小区,山三小学、村 ,23.03472,113.237722,桂城街道,港口路辅路
 南三路珠江开关厂东侧人行道,交警中队站,居住小区、工勤点,桂城交警中队 ,23.115095,113.156348,大沥镇,东约路
 迎俊丰田汽修店门口对出人行道,叠北村委会站,产业区、工勤点,叠北村委、华南汽车城 ,23.06973,113.122971,桂城街道,海八西路
 南海大道交通大厦公交站后面    ,南海大道中站,居住、商业,南海大道（佛平路至南桂路）沿线 ,35.251056,113.148654,许衡街道,
 南海大道新闻中心门口对出人行道,新闻中心站,工勤点、产业区,新闻中心 ,23.031447,113.136901,桂城街道,南海大道
 天佑六路公交站(南侧),天佑六路站,居住小区,桂花园、东二 ,23.032856,113.142539,桂城街道,天佑六路
 石肯桥底西侧人行道(环卫工具房旁),东二村委会站,工勤点,东二村委 ,23.02698,113.149722,桂城街道,桂澜路
 南平西路与桂澜路交界东南角,承业大夏,商住小区,承业大夏 ,23.05008,113.15528,桂城街道,南平西路
 天佑六路与南新一路交界东北侧人行道(农行侧面),南师附小站,学校、居住小区,南师附小及周边小区 ,23.037186,113.135731,桂城街道,南海大道南
 南一路与海二路交界,海二路站,居住小区,周边居住小区 ,23.047942,113.138091,桂城街道,海二路
 佛平路千灯店正对人行道,东约站,商业区、居住区,交通大夏周边 ,23.039447,113.132293,桂城街道,佛平二路
 南六路灯湖社区长者活动中心外,南六路站（御景园）,居住区,海景花园、灯湖一号 ,23.062104,113.137259,桂城街道,南六路
 保利洲际酒店对面人行道,灯湖东路站,商业区,保利酒店对面、汇丰银行、发展银行 ,23.059314,113.142587,桂城街道,灯湖东路
 平洲金谷光电南门东侧,金谷光电站,产业区,平洲美食成东北片 ,23.043544,113.20814,桂城街道,南港大街
 桂澜路辅道石肯公园绿化带,石肯村委会站,工勤点、休闲娱乐,石肯村委、石肯公园 ,23.011856,113.152759,桂城街道,桂业路
 灯湖东路招商银行外人行道,招商银行站,商业区,招商银行、PICC ,23.0318,113.202082,桂城街道,永安中路
 体育公园东门,体育公园东站,休闲娱乐,体育公园 ,23.058802,113.125485,桂城街道,江头村路
 宝石路夏北与佛山一环交界处,互联网产业园站,产业区、居住区,洲表村、互联网产业园 ,23.059595,113.160138,桂城街道,松轩街
 江头村路叠滘小学前人行道,叠滘小学站,学校、居住小区,叠滘小学 ,23.058759,113.125784,桂城街道,江头村路
 海六路和基花园北门,和基花园北站,居住区,和基花园北门 ,23.059737,113.133331,桂城街道,南海大道
 佛平路万科金色领域外人行道,佛平路站,居住区,万科金色领域 ,23.04144,113.153718,桂城街道,宝翠北路
 北约牌坊斜对面（牛哥火锅店门前）,北约站,商业区、居住区,北约对面、家天下 ,23.018681,112.941626,西樵镇,
 南海新天地广场北面间隔路,南海新天地广场站,商业区、居住区,南海新天地、城市广场后面 ,23.035844,113.153868,桂城街道,桂平西路
 桂平路与聚元南路交界东南角,聚元南路站,商业区、居住区,聚元村、桂城美食城 ,23.034235,113.176559,桂城街道,聚元南路
 桂澜路怡翠世嘉外人行道,怡翠世嘉站,商业区、居住区,怡翠世嘉花园、鹏瑞利广场 ,23.012622,113.146586,桂城街道,四村工业四路
 南海大道农商银行外,海棠村站,商业区、居住区,海棠村、南海广场对面 ,23.046629,113.135788,桂城街道,海棠村三街
 南平西路中国工商银行对出人行道,夏西村站,居住区,夏西村、夏西水果批发市场 ,23.045159,113.164658,桂城街道,Y005(夏平中路)
 桂澜路好乐迪门口,桂澜路中站,休闲娱乐、居住区,好乐迪、避风塘 ,35.251056,113.148654,许衡街道,
 永安路平洲邮政局斜对面（平洲立交公交站后）,平洲邮政局站,商业区、居住区,平洲邮局 ,23.035463,113.191537,桂城街道,大德路
 夏东幼儿园对面人行道,夏东村站,居住区,夏东幼儿园、夏东居委会 ,23.050233,113.185043,桂城街道,五房沙大道西
 南海大道东面（紫荷公园外人行道）,紫荷公园站,工勤点,紫荷公园、农商银行 ,23.031447,113.136901,桂城街道,南海大道
 南海人力资源社会保障局前（南海政府公交站后面）,人社局站,居住区、工勤点,人社局、南海区市政府对面 ,23.074541,113.029545,狮山镇,佳琪路
 文化北路东面星晖园正门外人行道,星晖园东站,居住区,星晖园、南海汽车城 ,23.062982,113.12009,桂城街道,叠滘大道
 华翠南路颐景园西门,颐景园西站,居住区,颐景园、怡翠花园 ,23.036492,113.162549,桂城街道,简平路
 桂澜路桂海花园门口,桂海花园,商业区、居住区,桂海花园 ,23.05027,113.14983,桂城街道,海三路
 夏南一治保会旁（夏南大道）,夏南一村站,居住区、工勤点,夏南一村、洲二 ,23.0457,113.172085,桂城街道,夏南路
 聚龙村牌坊对面,平西村站,居住区,聚龙村、平西小学 ,23.023673,113.183719,桂城街道,平西街
 清风路（夏南二荷花池外）,夏南二村站,居住区、休闲娱乐,夏南二村 ,23.05667,113.178252,桂城街道,夏南二大道
 平洲玉器文化广场外人行道,平洲玉器广场站,产业区,平洲玉器广场 ,23.035463,113.191537,桂城街道,大德路
 万科金域蓝湾南门,金域蓝湾南站,居住区,万科金域蓝湾 ,23.015237,113.161299,桂城街道,季华东路
 怡海路公交站旁,怡海公园站,休闲娱乐、产业区,怡海公园、南海一品广场 ,23.020762,113.160612,桂城街道,怡海路
 平南五斗桥脚,平南村站,居住区,平南村卫生站、五斗桥 ,23.57682,110.514406,东华乡,
 海七路桂江小学对面,桂江小学站,学校、居住区,桂江小学、兴业新邨 ,23.066034,113.131611,桂城街道,海七路
 桂江桥北京现代对开位置,桂江桥站,交通枢纽,桂和路沿线 ,23.080888,113.136022,大沥镇,穗盐西路
 桂和路新世纪酒店对开位置,新世纪站,交通枢纽,桂和路沿线 ,23.13721,113.127701,大沥镇,S267(桂和路)
 桂和路联滘段广佛商贸城,商贸城站,产业圈、交通枢纽,广佛智城 ,23.13721,113.127701,大沥镇,S267(桂和路)
 广佛路与岭南路交界处西南角,岭南路口站,产业圈、交通枢纽,广佛路沿线 ,23.109621,113.139818,大沥镇,S121(广佛路)
 广佛新干线与紫荆北路交汇处东南角,金碧华庭站,居民区,金碧华庭小区、市场 ,23.104891,113.133902,大沥镇,金城大道
 广佛路大沥市政出口处,大沥市政站,居民区,广佛路沿线 ,23.112482,113.116558,大沥镇,振兴路
 竹基南路与城南二路交汇处西南角,竹基南路站,居民区,大沥城南区域 ,23.106571,113.109067,大沥镇,城南二路
 振兴路新一佳门口对开位置,大沥步行街站,休闲娱乐、居民区,大沥步行街 ,23.108757,113.116163,大沥镇,城南二路大沥商业步行街
 大沥新医院门口,大沥新医院站,医院、居民区,大沥医院 ,23.112482,113.116558,大沥镇,振兴路
 大沥鸿得利广场门口,鸿得利广场站,休闲娱乐、居民区,鸿得利广场、太平广场 ,23.109404,113.104592,大沥镇,凤平路
 城南一路名汇花园,名汇花园站,居民区,名汇花园周边 ,23.108451,113.109277,大沥镇,城南一路
 大沥镇政府东门,大沥政府东门站,政府机关,大沥政府周边 ,23.112067,113.104895,大沥镇,新城大道辅路
 广云路与禅炭路交汇处东南角,大沥商贸中心站,产业圈、交通枢纽,大沥商贸中心周边 ,23.112482,113.116558,大沥镇,振兴路
 禅炭路大沥派出所对开位置,大沥派出所站,公勤机关、居民区,大沥派出所周边 ,23.113197,113.102274,大沥镇,村前大道
 广佛路与图强路交汇处,大沥城区站,居民区,大沥旧城区周边 ,23.112482,113.116558,大沥镇,振兴路
 大沥高级中学门口对开位置,大沥高级中学站,学校、居民区,大沥高级中心周边 ,23.116423,113.098353,大沥镇,博爱东路
 广云路嘉怡花园北面门口,嘉怡花园站,居民区,嘉怡花园周边 ,23.117309,113.111287,大沥镇,凤东北街
 广云路大沥市场南面,大沥市场站,市场、居民区,大理市场 ,23.116732,113.11446,大沥镇,市场大道
 广云路大沥公园正门旁,大沥公园站,公园、居民区,大沥公园及广佛路口 ,23.114266,113.117442,大沥镇,广云路
 桂和路桂江海关车检场门口,桂江路海关站,公勤机关、交通枢纽,桂江路海关周边 ,23.105179,113.135692,大沥镇,S267(桂和路)
 广佛路江夏公交站旁,江夏村站,交通枢纽,江夏村口广佛路周边 ,30.248526,114.355167,乌龙泉街道,
 教育路沥城公园北门,沥城公园站,公园、居民区,沥城公园周边 ,23.116728,113.120355,大沥镇,教育路
 工业大道大沥财经学校大门斜对面,财经学校站,学校、居民区,财经学校周边 ,23.110388,113.116913,大沥镇,工业大道
 广云路沥雄摩托车市场对开位置,沥雄摩托车市场站,交通枢纽、居民区,沥鸿摩托车市场周边 ,23.119178,113.104197,大沥镇,S263(广云路)
 体育公园办公室南侧空地。,体育公园站,休闲娱乐,体育公园 ,23.058802,113.125485,桂城街道,江头村路
 海七路锦园路路口东北农业银行门口前路边。,保利花园西站,居住小区,保利花园 ,23.067498,113.14742,桂城街道,锦园路
 灯湖东路西侧路边，保利水城麦当劳、信用社前。,保利水城站,居住小区,保利水城 ,23.062963,113.142958,桂城街道,海七路
 灯湖西路的西侧路边，千灯湖市民广场西边。,市民广场站,休闲娱乐,千灯湖市民广场 ,23.122457,112.99772,狮山镇,博爱中路
 锦园路东侧路边，万锦豪园西门，中国银行门口北旁。,万锦豪园西站,居住小区,万锦豪园 ,23.061056,113.146301,桂城街道,锦园路
 海三路灯湖东路路口西北路边。,金海桥东站,休闲娱乐,新文化广场 ,23.128719,113.087025,狮山镇,路边大道
 海三路南侧路边，市政展厅正门对出路边，监控摄像头柱旁。,金海桥西站,休闲娱乐,千灯湖停车场、市政展厅 ,23.050678,113.136498,桂城街道,海三路
 桂澜路西侧路边，家天下东北角路边。,家天下站,地铁口、休闲娱乐,家天下、地铁口、北约片区 ,23.043812,113.147817,桂城街道,夏平西路
 夏平西路藕田公园东北角路边，滋味浓大排档对面。,藕田公园站,休闲娱乐,保利星座、夏西片区 ,23.044041,113.159919,桂城街道,夏平路
 紫金城幸福酒楼门口右边。,紫金城站,休闲娱乐,紫金城 ,23.039819,113.16125,桂城街道,紫金城美食商业街
 宝翠南路东侧路边，怡翠花园西侧门北旁。,怡翠花园西站,居住小区,怡翠花园、御景花园 ,23.037527,113.156272,桂城街道,宝翠南路辅路
 桂平西路北侧路边，城市广场南面味千拉面对出路边（近斑马线）。,城市广场站,休闲娱乐,城市广场 ,23.037637,113.150793,桂城街道,桂澜路
 简平路西侧路边，颐景园东门南旁。,颐景园东站,居住小区,颐景园 ,23.036492,113.162549,桂城街道,简平路
 桂平西路北侧路边，怡翠广场南面。,怡翠广场站,居住小区,怡翠花园、金御华府 ,23.035029,113.156713,桂城街道,桂平西路
 桂平西路南侧路边，南海区妇幼保健院门东旁,妇幼保健院站,公建区,妇幼保健院 ,23.035263,113.153468,桂城街道,桂平西路
 桂平西路、简平路路口西南路边（怡翠公园东北角路边）。,金色家园站,居住小区,金色家园 ,23.033191,113.16292,桂城街道,简平路
 桂澜路东侧路边，鹿璟邨西门口的禁止左转指引牌旁。,鹿璟邨站,居住小区,鹿璟邨、东二片区 ,23.05027,113.14983,桂城街道,海三路
 简平路东平路路口西北路边，（怡翠磬园门口对面绿地东南角路边）,怡翠磬园站,居住小区,怡翠磬园 ,23.028623,113.163106,桂城街道,东平路
 瀚天科技园门口东旁，广发行门口。,瀚天科技园站,产业园,瀚天科技园片区 ,23.027234,113.170058,桂城街道,东平路
 员工村门口对面路边,桂城科技园站,产业园,桂城科技园 ,23.025886,113.163847,桂城街道,庆安路
 平三路西侧路边，天安数码城二期门口，变压器对面路边。,天安数码城北站,产业园,天安数码城、员工村 ,23.021083,113.161283,桂城街道,怡海路
 怡海路北侧路边，天安数码城一期门口路边。,天安数码城南站,产业园,天安数码城 ,23.021083,113.161283,桂城街道,怡海路
 南一路西侧路边，江南名居门口旁。,江南名居站,居住小区,江南名居 ,23.068308,113.128357,桂城街道,南一路
 南海大道西侧路边，兴业新邨公交车站旁。,兴业新邨站,居住小区,兴业新邨 ,23.064906,113.132602,桂城街道,海七路
 海六路百盛达酒店门口东侧绿地前。,海景花园站,居住小区,海景花园、百盛达酒店 ,23.060609,113.137749,桂城街道,海六路
 海五路北侧路边，南海购书中心对出摩托车停放处东旁空地。,和基花园南站,书店,南海购书中心 ,23.059737,113.133331,桂城街道,南海大道
 南一路、海五路路口西北路边（绿地的东南角路边）。,南一路站,学校,俊雅花园、桂江二中 ,23.058314,113.129719,桂城街道,海五路
 南海大道西侧路边，丽雅苑广场对出路边。,丽雅苑站,居住小区,丽雅苑 ,23.051339,113.134427,桂城街道,南海大道
 南一路西侧路边，桂城敬老院对面路边。,桂城敬老院站,居住小区,叠二、叠南片区 ,23.050736,113.130178,桂城街道,海三路
 海二路、南五路路口西北路边（南海体育馆南面市政大草地东南角路边）。,中医院站,医院,南海中医院、桂江片区 ,39.605361,118.193431,小山街道,解放路
 南海大道西侧路边，南海广场公交车站北旁。,南海广场站,休闲娱乐,南海广场 ,23.045477,113.134236,桂城街道,南海大道
 南海大道东侧路边，原佛大家俬城对出路边。,海辉路站,医院,桂城医院、桂江片区 ,23.042847,113.133435,桂城街道,海辉路
 佛平路南侧，南海汽车站门口路边。,南海汽车站,交通枢纽,南海汽车站 ,23.128719,113.087025,狮山镇,路边大道
 佛平二路北侧路边，雷岗公园南门旁，南约牌坊对面。,雷岗公园南门站,休闲娱乐,雷岗公园、南约市场、西约片区 ,23.041642,113.142699,桂城街道,下九路
 南海大道、佛平路路口西南路边，惠雅商场北旁空地路边。,民企广场站,居住小区,惠雅商场、桂二居委 ,23.038871,113.134787,桂城街道,南海大道
 南海大道西侧路边，嘉信茂广场东面报刊亭。,凯德广场站,休闲娱乐,嘉信茂广场 ,23.035605,113.134985,桂城街道,南海大道
 南桂东路北侧路边，南海区地税局门口西旁路边。,南约站,市场,南约市场、南约片区 ,23.024213,113.156474,桂城街道,基咀大街
 南桂西路北侧路边，珠江时报门口西旁空地。,桂园站,学校,桂园小学、桂园片区 ,23.088695,113.177595,大沥镇,环镇北路
 南桂西路南侧路边，南桂居委宣传栏前。,南桂桥西站,居住小区,南桂片区 ,23.034327,113.132309,桂城街道,南桂西路
 南桂东路南侧路边，花园广场门口，日丰塑胶管档铺前。,花苑广场站,休闲娱乐,花园广场、百花时代广场 ,23.035578,113.142605,桂城街道,南桂东路
 南桂东路南侧路边，南海区公安局门口东旁路边。,南桂东站,居住小区,桂三片区 ,23.035101,113.139954,桂城街道,南桂东路
 南桂西路、天佑三路路口西南路边，中国银行前。,南桂桥东站,市场、地铁,桂花市场、地铁口 ,23.037061,113.133996,桂城街道,天佑三路
 天佑五路、南新四路路口西南路边，良友饮食店斜对面。,十七街区站,居住小区,十七街区住宅区、桂三片区 ,23.031745,113.14176,桂城街道,南兴六路
 南海大道东侧路边，区府门口北旁。,南海区政府站,公勤点,区政府 ,23.031447,113.136901,桂城街道,南海大道
 南新三路南侧路边，南海区行政服务中心侧边停车场前路边。,南海区行政服务中心站,公勤点,区行政服务中心、南海影剧院、桂三片区 ,23.111145,113.115601,大沥镇,振兴路
 天佑三路西侧路边，南海电大招生服务中心门口南旁路边。,南海电大站,学校,南海电大、桂江一中、桂二片区 ,23.029795,113.134998,桂城街道,南新三路
 南新二路北侧路边，十一街区门口，南海区规划局对面。,十一街区站,居住小区,十一街区住宅区、桂三片区 ,23.028883,113.139875,桂城街道,南新二路
 育才居委前，当代广告公司前路边。,育才社区站,居住小区,清华园、育才片区 ,23.128719,113.087025,狮山镇,路边大道
 南新一路南侧路边，文化公园门口。,文化公园站,休闲娱乐,文化公园 ,23.024591,113.140882,祖庙街道,天佑四路
 天佑南路北侧路边，美豪邨南门前路边。,河堤公园站,休闲娱乐,美豪邨 ,23.02753,113.137502,桂城街道,南海大道
 南港路桂城行政服务中心门口东侧,桂城行政服务中心,公勤点,平洲行政服务中心 ,23.038419,113.190575,桂城街道,南港路
 平洲康怡花园东门南侧,康怡花园东,居住小区,康怡花园 ,23.035916,113.18745,桂城街道,怡居路
 平洲计生服务所对面,碧琴湾,居住小区,平洲计生服务所、碧琴湾、丽景园 ,23.039215,113.1939,桂城街道,南港路辅路
 禅炭路大沥汽车站门口旁,大沥汽车站,交通枢纽,大沥汽车站 ,23.122378,113.099457,大沥镇,X493(松岗大道南)
 沥西路与沥雅路交汇处东南角,桂江农副产品市场站,产业圈、交通枢纽,桂江农副产品市场周边 ,23.126433,113.108755,大沥镇,仁厚新村一街
 桂和路南海碧桂园入口处,南海碧桂园入口站,交通枢纽,碧桂园及桂和路周边 ,23.14332,113.136432,大沥镇,阳光花海三街
 振兴路大沥行政服务中心对面,大沥行政服务中心站,公勤机关、居民区,大沥行政服务中心周边 ,23.11133,113.115715,大沥镇,振兴路
 广佛路名轩酒楼门口旁,名轩酒楼站,休闲娱乐、交通枢纽,名轩酒楼周边 ,23.113473,113.154996,大沥镇,S121(广佛路)
 广佛新干线南国小商品城南面,南国小商品城站,产业圈、休闲娱乐,南国小商品城 ,23.104512,113.146421,大沥镇,广佛新干线
 广佛新干线与西瑶环村路交汇处,西瑶村口站,居民区,南国小商品城及西瑶村口 ,23.103508,113.149627,大沥镇,东塘大道
 联河路聚豪园林美食对开位置,聚豪园林美食城站,交通枢纽、休闲娱乐,联河路聚豪园林美食城周边 ,23.087585,113.144309,大沥镇,联河路
 广佛路名都大酒店门前,名都大酒店站,交通枢纽、休闲娱乐,广佛路沿线 ,23.11102,113.147092,大沥镇,平地路段
 广佛新干线南方电网公司门口旁,南方电网站,交通枢纽、居民区,广佛新干线沿线 ,23.102058,113.07216,狮山镇,广佛新干线辅路
 广佛路联邦家私门口旁,联邦家俬站,交通枢纽、居民区,广佛路沿线及水产市场 ,23.113473,113.154996,大沥镇,S121(广佛路)
 广佛路世贸纺织城对开位置,世贸纺织城站,产业圈、交通枢纽,世贸纺织城周边 ,23.112368,113.157761,大沥镇,平地路段
 广佛新干线盐步派出所门口旁,盐步派出所站,公勤机关、交通枢纽,盐步派出所周边 ,23.105292,113.158342,大沥镇,广佛新干线
 穗盐路盐步第三中学门口对开位置,盐步三中站,学校,盐步三中 ,23.093689,113.157635,大沥镇,穗盐西路
 广佛路银丰花园北面,银丰花园站,居民区,银丰花园周边 ,23.112008,113.163261,大沥镇,横江大道
 广佛路与渤海路交汇处东南角,渤海路口站,居民区,广佛路与渤海路交汇 ,23.113919,113.175163,大沥镇,渤海路
 盐步大道北雅居乐花园西面,盐步大道雅居乐站,居民区,盐步大道雅居乐周边 ,23.099996,113.185307,大沥镇,穗盐东路辅路
 盐步大道跨铁路桥底劳动所路口,盐步劳动所站,居民区、产业圈,盐步劳动所周边 ,23.099588,113.171197,大沥镇,盐步大道
 盐步海旁南路新桥旁边,海傍南路站,居民区,华胜村周边 ,22.840442,113.003242,九江镇,洛浦路
 盐步大道华夏公园对开位置,华夏公园站,居民区,华夏公园周边 ,23.099588,113.171197,大沥镇,盐步大道
 盐步直街盐步行政服务中心门口旁,盐步行政服务中心站,居民区、休闲娱乐,盐步行政服务中心周边 ,23.125414,113.003574,狮山镇,俊景南路
 盐步环镇北路盐步医院对面,佳华商场站,居民区、休闲娱乐,盐步医院周边 ,23.092239,113.17381,大沥镇,环镇北路
 盐步永青新路盐步中心小学门口旁,盐步中心小学站,学校、居民区,盐步中心小学周边 ,23.086977,113.173091,大沥镇,华青路
 穗盐路三河商业中心对开位置,三河商业中心站,居民区,盐步虎榜周边 ,23.096944,113.173254,大沥镇,三河东路
 盐步环镇北路盐步公园对开位置,盐步公园站,公园、居民区,盐步公园周边 ,23.092063,113.177168,大沥镇,环镇北路
 广佛新干线与北海路交汇处,盐步家具城站,交通枢纽,广佛新干线沿线 ,23.108811,113.180132,大沥镇,S121(广佛路)
 盐步皇朝广场对面蟾兴公园旁,蟾兴公园站,居民区,盐步皇朝广场及蟾兴公园周边 ,23.099887,113.170255,大沥镇,盐步大道
 穗盐路雅居蓝湾南面,雅居蓝湾站,居民区,盐步虎榜周边 ,23.101038,113.187235,大沥镇,穗盐东路
 穗盐路雍景豪园入口处,雍景豪园站,居民区,盐步河东周边 ,23.098385,113.190681,大沥镇,达令大道
 盐南路名雅花园对开位置,名雅花园站,居民区,名雅花园周边 ,23.134332,113.170202,大沥镇,S361(村公路)
 鄱阳路嘉洲花园西门对开位置,嘉洲花园西站,居民区,嘉洲花园周边 ,23.118394,113.172969,大沥镇,鄱阳路
 盐南路碧水湾花园对面,碧水湾站,居民区,碧水湾花园周边 ,23.13145,113.17401,大沥镇,S361(村公路)
 渤海路工商银行对开位置,渤海路中站,居民区,九村周边 ,35.251056,113.148654,许衡街道,
 北海路黄岐敬老院对开位置,黄岐敬老院站,居民区,黄岐敬老院周边 ,23.119485,113.190219,大沥镇,鄱阳路
 渤海路凯民茶博城西面,黄岐凯民茶博城站,休闲娱乐、居民区,黄岐凯民茶博城周边 ,23.109003,113.175644,大沥镇,广佛公路
 中北路石门实验学校生活区对开位置,石门实验学校生活区站,学校、居民区,黄岐河堤沿线 ,23.123282,113.178148,大沥镇,中北一路
 鄱阳路福盛花园对开位置,福盛花园站,居民区,黄岐大桥南周边 ,23.119247,113.180392,大沥镇,黄海路
 北海路黄岐行政执法中队对开位置,黄岐行政执法站,公勤机关、居民区,黄岐行政执法中队周边 ,23.119485,113.190219,大沥镇,鄱阳路
 北环路石门中学门口旁,石门中学站,学校,石门中学周边 ,23.125785,113.180502,大沥镇,北环路
 黄海路与洪湖路交汇处河畔花园旁,河畔花园站,居民区,河畔花园周边 ,23.122146,113.180232,大沥镇,黄海路
 鄱阳路黄岐行政服务中心对面,文化广场站,休闲娱乐、居住区,黄岐文化广场周边 ,23.119521,113.181721,大沥镇,鄱阳路
 广佛路嘉洲广场北面,嘉州广场站,休闲娱乐、居住区,嘉州广场及广佛路周边 ,23.110935,113.182777,大沥镇,广佛路
 北环路瑞丽花园东面,瑞丽花园站,居民区,黄岐河堤沿线 ,23.122293,113.184299,大沥镇,北环路
 东湖路黄岐中心小学门口旁,黄岐中心小学站,学校,黄岐中心小学及市场周边 ,23.116843,113.182666,大沥镇,杜鹃路
 南湖路黄岐中学门口旁,黄岐中学站,学校,黄岐中学周边 ,23.109639,113.18448,大沥镇,学海路
 宏威路嘉业超市对开位置,嘉业超市站,休闲娱乐、居住区,宏威路周边 ,23.115657,113.1849,大沥镇,岐西路
 北环路黄岐第一城东面,黄岐第一城站,居住区,黄岐河堤沿线 ,23.12715,113.177977,大沥镇,中北路
 洞庭路中南海晖园东面,中南海晖园站,居住区,洞庭路周边 ,23.109572,113.185852,大沥镇,南湖路
 广佛路与南海路交汇处明珠广场,明珠广场站,交通枢纽、居住区,广佛路沿线 ,23.112502,113.187492,大沥镇,南海路
 北环路黄岐龙母庙旁,黄岐公园站,公园、居民区,黄岐河堤沿线 ,23.123321,113.188516,大沥镇,桂谰路
 鄱阳路东藤宿舍楼南面,黄岐东藤宿舍楼站,居住区,鄱阳路东周边 ,23.119485,113.190219,大沥镇,鄱阳路
 广佛路西环高速底麦当劳对面,黄岐城区站,交通枢纽,黄岐城区周边 ,23.116813,113.19149,大沥镇,广佛路黄岐段
 广佛路与东海路交汇处西南角,广佛公路东站,交通枢纽,南海与广州交界 ,23.113473,113.154996,大沥镇,S121(广佛路)
 岐西路黄岐中心市场对开位置,黄岐中心市场,休闲娱乐、居住区,黄岐中心市场周边 ,22.833113,113.010918,九江镇,儒林东路
 广佛路与北海路交汇处东北角,北海路口站,休闲娱乐、居住区,广佛路与北海路周边 ,23.113356,113.178639,大沥镇,北海路
 夏东路，平洲医院公交站与的士站之间,南海第二人民医院,医院,南海第二人民医院 ,23.034397,113.204273,桂城街道,太平路
 鄱阳路黄岐医院西门口旁,黄岐医院站,医院、居民区,黄岐医院周边 ,23.119717,113.180322,大沥镇,黄海路
 太行路往里水方向太行公交站侧,太行站,交通枢纽、学校、居住小区,太行路、里水中学、里水中心小学 ,23.194875,113.172874,里水镇,里广路
 和顺大道和顺车站旁,和顺车站,交通枢纽,和顺公交枢纽站 ,23.245261,113.133991,里水镇,和顺大道
 渡头路海纳公馆广场,海纳公馆,居住小区,海纳公馆、邓岗村 ,23.192058,113.152516,里水镇,渡头路
 华翠北路广发银行宿舍出入口,广发银行宿舍站,住宅小区,广发银行宿舍、益禾公寓 ,23.044246,113.146834,桂城街道,夏平西路
 宝翠北路保利澳尔公寓门口,保利澳尔公寓站,住宅小区,保利澳尔公寓 ,23.059071,113.155159,桂城街道,宝翠北路
 永胜西路万达广场,万达广场站,商业园区,万达广场 ,23.066427,113.152091,桂城街道,五胜河南路
 海六路灯湖小学公交站旁,灯湖小学站,学校,灯湖小学、保利花园3期 ,23.061465,113.147689,桂城街道,海六路
 锦园北路保利花园三期交通银行门口,交通银行站,住宅小区,保利花园三期 ,23.128129,112.999553,狮山镇,红星北路辅路
 锦园路北路广发银行门口,广发银行站,金融区,广发银行 ,22.837771,113.005505,九江镇,儒林西路
 灯湖东路友邦保险出入口（保利水城北向斜对面）,友邦保险站,金融区,友邦保险、保利水城 ,36.680728,101.70415,马坊街道,
 灯湖东路,保利水城南站,工业园区,保利水城 ,23.062963,113.142958,桂城街道,海七路
 夏平西路与夏西大道交界口,夏西村委会站,村居住区,夏西村委、夏西水果批发市场、夏西村 ,23.045207,113.164695,桂城街道,Y005(夏平中路)
 深海路瀚天科技园东门出入口,瀚天科技园东站,工业园区,瀚天科技园 ,23.027234,113.170058,桂城街道,东平路
 佛平路创越时代广场,创越时代站,金融区,创越时代、南海广播电视大学东校 ,23.039624,113.170833,桂城街道,夏南路
 平洲桂平中路太港城公交站旁,太港城站,商业园区,太港城 ,23.031538,113.188331,桂城街道,蓬涌大道
 平洲石龙南路平西工业区,平西工业园站,工业园区,平西工业区 ,23.031633,113.180435,桂城街道,桂平路
 平洲深海路依岸康堤花园出入口,依岸康堤花园站,住宅小区,依岸康堤花园、深涌 ,23.034708,113.170488,桂城街道,深海路
 华翠南路天安数码城南西门出入口,天安数码城南西门站,工业园区,天安数码城南 ,23.017075,113.151776,桂城街道,桂业北路
 南新二路东二公园,东二公园站,休闲娱乐（村地）,东二小学、东二公园、东二村 ,23.028673,113.151785,桂城街道,东二中心村B区一巷
 南约市场南出入口东南角人行道,南约市场站,市场,南约市场、南约村 ,23.040708,113.142032,桂城街道,佛平二路
 南桂东路东约村口旁中国移动营业厅门口,东约村站,村居住区,东约村 ,23.023881,113.154941,桂城街道,怡海路
 桂城叠南村小海燕幼儿园对面,叠南村委站,村居住区,叠南村 ,23.053994,113.121492,桂城街道,文华北路
 桂澜路东海银湾,东海银湾站,住宅小区,东海银湾 ,34.551242,118.780453,石榴街道,S245
 季华路石肯市场路口,石肯市场站,市场,石肯市场、石肯村 ,23.013226,113.152021,桂城街道,桂业路
 季华路丽日广场出入口,丽日广场站,商业园区,万科金域南湾、丽日广场 ,23.016124,113.160422,桂城街道,工业二路
 平洲大德路康怡丽园北门,康怡丽园北门站,住宅小区,平洲康怡丽园、康怡花园、乐怡花园 ,23.035463,113.191537,桂城街道,大德路
 平洲永安路广东省人民医院平洲分院门口旁,广东省人民医院平洲分院站,医院,广东省人民医院平洲分院、平东村 ,23.027634,113.195574,桂城街道,永安路中路
 平洲公园南出入口,平洲公园南门站,村居住区,平洲公园、江右村 ,23.04018,113.203965,桂城街道,南港路
 平洲东信路新桂城公园映月湖西出口,平洲映月湖站,休闲娱乐,新桂城公园、新东方市场 ,23.035463,113.191537,桂城街道,大德路
 桂城交管所,桂城交管所站,公勤机关,桂城交管所 ,23.03704,113.138438,桂城街道,桂城镇东约区新邨大街
 平洲聚元北路与清风东路交界口旁,清风路东站,工业园区,建准集团利茂电子厂 ,23.04729,113.176279,桂城街道,聚元北路
 三山港口国际创智园出入口,国际创智园站,工业园区,国际创智园 ,21.658624,108.438639,,
 三山港口路保利西雅图小区出入口,保利西雅图站,住宅小区,三山保利西雅图 ,31.208593,118.30008,龙湖街道,
 三山大道奕西村公交站旁,奕西村站,村居住区,奕西村 ,23.035304,113.233118,桂城街道,泰山路
 狮山石门中学对面,狮山公交换乘中心站,交通枢纽,狮山公交换乘中心 ,23.110288,113.003492,狮山镇,佛山一环辅路
 人民中路,西门广场站,休闲娱乐,狮山西门广场 ,23.125817,113.142373,大沥镇,人民中路
 狮山俊景商业步行街人民路,和富花园站,居住小区,和富花园 ,23.110288,113.003492,狮山镇,佛山一环辅路
 俊景中路,狮城社区站,公勤点,俊景花园 ,23.128349,113.002941,狮山镇,俊景中路
 丽怡路（水晶湾正门对面）,水晶湾站,居住小区,水晶湾 ,23.130455,113.002925,狮山镇,丽怡路
 狮城路,坤龙酒店站,休闲娱乐,坤龙酒店周边 ,23.129522,113.005313,狮山镇,狮城路辅路
 狮山行政服务中心,狮山行政服务中心站,公勤点,狮山行政服务中心 ,23.126372,113.001389,狮山镇,俊景南路
 狮城路,狮山广场站,商业区,狮山广场 ,23.126844,113.004924,狮山镇,狮城路辅路
 博爱路公交站附近,雅乐轩站,休闲娱乐,雅乐轩酒店 ,23.12485,113.002265,狮山镇,博爱路
 博爱路,南海中央公园站,休闲娱乐,南海中央公园周边 ,23.120566,113.005698,狮山镇,佛山一环辅路
 政通东路,狮山食街站,休闲娱乐,狮山食街 ,23.110288,113.003492,狮山镇,佛山一环辅路
 狮山建设大厦附近,万荟时代站,居住小区,万荟时代周边 ,23.132538,112.999364,狮山镇,S263(广云路)
 狮山湖景湾正门侧,狮山湖景湾站,居住小区,狮山湖景湾周边 ,23.122561,112.999723,狮山镇,博爱中路
 红星路（电信附近）,红星路口站,商业区、居住区,狮山红星路口周边 ,23.129795,113.000858,狮山镇,红星北路辅路
 红星博爱路口,和信广场站,商业区,和信广场 ,48.289424,129.237758,汤洪岭林场,
 科技路,依云曦城站,居住小区,依云曦城 ,23.121828,112.99267,狮山镇,科技北路
 科技路,科技北路站,居住小区,锦绣北苑 ,23.119501,112.993426,狮山镇,科技北路
 红星路（公交站亭侧）,博爱广场站,居住小区,博爱广场周边 ,23.129795,113.000858,狮山镇,红星北路辅路
 科技路,穆天子山庄站,居住小区,穆天子山庄 ,23.063246,113.009811,狮山镇,科技路
 红星路段,狮山南油站,居住小区,美立方花园 ,23.110288,113.003492,狮山镇,佛山一环辅路
 省道S263,华立医院站,医院,华立医院 ,23.137155,112.996533,狮山镇,广云路辅路
 人民西路,俊博苑路口站,居住小区,俊博苑周边 ,23.128824,112.997779,狮山镇,红星一路
 人民西路,奥米茄花园站,居住小区,奥米茄花园 ,23.128686,112.99442,狮山镇,人民西路
 人民西路,狮山石门实验中学站,学校,狮山石门实验中学 ,23.128476,112.990775,狮山镇,人民西路
 博爱路,联邦家私站,工业区,联邦家私集团 ,23.12485,113.002265,狮山镇,博爱路
 博爱路,B区市场站,市场、工业区,B区市场周边 ,23.12485,113.002265,狮山镇,博爱路
 虹岭路（伟昌）,虹岭路中站,工业园区,伟昌铝型材厂周边 ,35.251056,113.148654,许衡街道,
 广佛新干线,金棕榈站,居住小区,金棕榈 ,23.102058,113.07216,狮山镇,广佛新干线辅路
 马洞路,大浩湖站,居住小区、交通枢纽,大浩湖 ,23.119029,113.046058,狮山镇,博爱东路
 红星路,狮山高级中学站,学校,狮山高级中学 ,23.104898,112.979994,狮山镇,X514(红星南路)
 三环西路,小塘车站站,交通枢纽,小塘车站 ,23.099733,112.975699,狮山镇,X514(三环西路)
 三环路公交站亭旁,小塘医院站,医院,小塘医院 ,23.096709,112.976753,狮山镇,思贤路
 三环西路,南海第二水厂站,工业区,南海第二水厂周边 ,23.135029,112.961085,狮山镇,S263(广云路)
 四环路,小塘园丁花园站,居住小区,小塘园丁花园 ,23.095783,112.979626,狮山镇,四环路
 四环路,小塘中学站,学校,小塘中学 ,23.0943,112.980802,狮山镇,四环路
 三环东路,西区社会管理处站,公勤机关,小塘社会管理处周边 ,23.089389,112.98159,狮山镇,X514(三环东路)
 三环东路,上林苑正门站,居住小区,上林苑 ,23.088087,112.984002,狮山镇,三环东路辅路
 站前路,西堤国际西门站,居住小区,西堤国际花园 ,23.091292,112.975044,狮山镇,站前路
 三环东路,西堤国际正门站,居住小区,西堤国际花园 ,23.089389,112.98159,狮山镇,X514(三环东路)
 国虹路,国虹路中站,工业园区,国虹路中周边 ,35.251056,113.148654,许衡街道,
 兴虹南路,兴虹南路站,工业园区,兴虹南路周边 ,23.117557,113.067927,狮山镇,
 教育路,小塘公园站,休闲娱乐、居住区,小塘公园周边 ,22.827643,113.006419,九江镇,X526(教育路)
 三环西路,本田用品厂站,工业园区,本田用品厂周边 ,23.135029,112.961085,狮山镇,S263(广云路)
 永安路,小塘广泰站,商业区,小塘广泰超市 ,23.033486,113.205918,桂城街道,永安中路
 小小路,小小路站,工业园区,赛因迪周边 ,23.113829,112.971652,狮山镇,小小路
 长安路,长安路站,商业区、居住区,南海农商银行周边 ,23.096016,112.971772,狮山镇,长安路
 站前路,小塘站前公园站,休闲娱乐、居住区,小塘站前公园 ,23.091292,112.975044,狮山镇,站前路
 小小路,爱信精机站,工业园区,爱信精机周边 ,23.113829,112.971652,狮山镇,小小路
 三环西路,洞边路口站,居住区、商业区,洞边村 ,23.111794,112.980263,狮山镇,
 江湄,小塘江滨花园站,居住小区,小塘江滨花园 ,22.954792,112.989939,西樵镇,江滨大道
 三环西路,阿兹米特站,工业园区,阿兹米特周边 ,23.135029,112.961085,狮山镇,S263(广云路)
 塘中路,小塘旧圩站,居住区、商业区,小塘旧圩周边 ,23.092436,112.968742,狮山镇,塘中路
 桂丹路,中恒海晖城站,居住小区,中恒海晖城 ,23.084122,113.00127,狮山镇,桂丹立交
 桂丹路,南海信息技术学院站,学校,南海信息技术学院 ,39.605361,118.193431,小山街道,解放路
 虹岭路,一汽大众站,工业园区、居住区,一汽大众厂周边 ,23.166658,113.042373,狮山镇,虹岭路
 华沙路,白鹤田村站,居民区,白鹤田村周边 ,23.189919,112.99115,狮山镇,华沙路
 虹岭路,南海本田厂站,工业园区,南海本田厂 ,23.166658,113.042373,狮山镇,虹岭路
 兴业路,奇美厂站,工业园区,奇美厂 ,23.206531,113.107259,里水镇,兴业路
 华沙路,红沙生活区站,交通枢纽、居民区,红沙生活区 ,23.189919,112.99115,狮山镇,华沙路
 前进路,惠贤花苑站,居民区,慧贤花苑 ,23.205907,112.990142,狮山镇,前进中路
 前进路,富晟新安北门站,工业园区,富晟新安厂 ,34.832567,112.1148,石寺镇,新安大道
 前进路,富晟李尔北门站,工业园区,富晟李尔厂 ,23.206229,112.994227,狮山镇,前进路
 粤众西路,一汽平台零件西门站,工业园区,一汽平台零件厂 ,23.199408,113.000635,狮山镇,一号路
 华沙路,石头村站,居民区,石头村周边 ,23.202442,112.990332,狮山镇,本田路
 纵向五路路口,一汽国际物流园站,工业园区,一汽国际物流园 ,23.199718,113.00756,狮山镇,纵向五路
 惠民路,业欣纤维站,工业园区,业欣纤维厂 ,22.815319,113.020093,九江镇,惠民路
 惠国路,星际门业站,工业园区,星际门业厂 ,23.210586,112.996449,狮山镇,Y105(东西二线)
 省道S263,信息软件园路口站,产业圈、学校,信息软件园路口 ,23.143995,112.939388,狮山镇,S263(广云路)
 信息大道,东软学院站,学校,东软学院 ,23.140106,113.020583,狮山镇,信息大道南
 信息大道,华师南海校区站,学校、产业区,华师南海校区 ,23.140106,113.020583,狮山镇,信息大道南
 大学城内阳光路,阳光在线广场站,商业区、学校,阳光在线广场 ,23.146016,113.026231,狮山镇,阳光路
 信息大道,广东轻工学院站,学校,广东轻工学院 ,23.140106,113.020583,狮山镇,信息大道南
 轻工学院对面路,鉴定中心站,学校,鉴定中心 ,38.969639,121.522191,泡崖街道,玉情街
 桃园路,广工研究院站,产业区,广工研究院 ,23.149899,113.047902,狮山镇,大沥仙溪水库西路
 桃园路,华师北门站,学校,华师北门 ,23.149899,113.047902,狮山镇,大沥仙溪水库西路
 信息大道,生活二区站,学校、居住小区,生活二区周边 ,23.140106,113.020583,狮山镇,信息大道南
 禅炭路口,南国桃园西门站,休闲娱乐,南国桃园 ,23.177749,113.089581,狮山镇,桃园大道
 桂和路,南国桃园东门站,休闲娱乐,南国桃园 ,23.175043,113.107322,狮山镇,鸿基大道
 南海影视城侧,南国桃园北门站,休闲娱乐,南国桃园 ,23.192065,113.105702,狮山镇,Y399(影城大道)
 南国桃园内,桃园驿站,休闲娱乐,南国桃园 ,23.178478,113.09246,狮山镇,碧湖西路
 南国桃园内,枫丹白鹭酒店站,休闲娱乐,南国桃园 ,23.185696,113.097169,狮山镇,枫丹路
 南国桃园内,汇江假日站,休闲娱乐、居住区,南国桃园 ,23.18172,113.105421,狮山镇,环山路
 南国桃园内,南海观音寺站,休闲娱乐、居住区,南国桃园 ,23.18172,113.105421,狮山镇,环山路
 桃园路,慧泉科技站,产业区,慧泉科技周边 ,23.149899,113.047902,狮山镇,大沥仙溪水库西路
 科技路,科技大道中站,居住小区,穆天子山庄 ,35.251056,113.148654,许衡街道,
 科技路,质监检测培训基地站,公勤点,质监检测培训基地 ,23.063246,113.009811,狮山镇,科技路
 国虹路,国虹路南站,工业园区,国虹路南周边 ,23.115544,113.055277,狮山镇,兴虹南路
 信息大道,东软东门站,学校,东软学校 ,23.140106,113.020583,狮山镇,信息大道南
 北湖一路,状元公园站,休闲娱乐,状元公园 ,23.074024,113.045363,狮山镇,北湖一路
 孝德湖公园内,孝德湖北站,休闲娱乐,孝德湖公园 ,23.072794,113.053683,狮山镇,北湖二路
 孝德湖公园内,孝德湖南站,休闲娱乐,孝德湖公园 ,23.072794,113.053683,狮山镇,北湖二路
 北湖一路,时代倾城北站,居住小区,时代倾城 ,23.065416,113.043797,狮山镇,水岸街
 北湖一路,碧翠豪城站,居住小区,碧翠豪城 ,23.06525,113.046889,狮山镇,北湖二路
 北湖三路,北湖三路站,产业区、交通枢纽,北湖三路周边 ,23.068144,113.054941,狮山镇,北湖三路
 桂丹路,罗村医院站,医院,罗村医院 ,23.064638,113.0388,狮山镇,沿江北路
 城中路,城中公园站,休闲娱乐,罗村城中公园 ,23.060456,113.040346,狮山镇,城中路
 外滩南路,罗湖社区服务中心站,公勤点、居民区,罗湖社区服务中心 ,23.05688,113.04363,狮山镇,外滩中路
 北湖一路,北湖丽都站,居住小区,北湖丽都 ,23.072633,113.047544,狮山镇,蓝天路
 新光源产业基地,新光源产业基地站,产业区,新光源产业基地 ,23.044811,113.034742,狮山镇,
 信息大道,力合科技园站,产业圈,力合科技园 ,23.156561,113.0269,狮山镇,信息大道中辅路
 府前路,罗村社会管理处站,公勤机关,罗村社会管理处 ,23.055613,113.04271,狮山镇,城中路
 科教路东侧,科教新村站,居住小区,科教园丁村 ,23.052118,112.911136,丹灶镇,科教路
 月为大道南侧,都市晴园站,居住小区,都市晴园 市场 ,23.040865,112.90698,丹灶镇,有为大道
 民丰路东侧,和丰明苑站,居住小区,和丰明苑、城区 ,23.038831,112.909666,丹灶镇,民丰路
 康民路东侧,丹灶汽车站站,功能站点,丹灶汽车站，医院 ,23.050007,112.90691,丹灶镇,云峰路
 桂丹路南侧,翰林湖站,旅游景点,翰林湖 ,23.074051,113.024123,狮山镇,S113(桂丹路)
 环保学院后门,云山峰境站,居住小区,云山峰境，环保学院 ,23.042003,112.909508,丹灶镇,有为大道
 桂丹路南侧,丹灶政府站,功能站点,政府、地税，中队，法院 ,23.050007,112.90691,丹灶镇,云峰路
 海安路北侧,丹灶社区站,居住小区,丹灶村，工业大道 ,23.050007,112.90691,丹灶镇,云峰路
 桂丹路南侧,金沙枢纽站,功能站点,金沙枢纽站，邮局 ,23.074051,113.024123,狮山镇,S113(桂丹路)
 樵金路北侧,金宁广场站,居住小区,金沙小学 金宁社区 ,23.067358,112.959367,丹灶镇,金港路
 金业路北侧,金沙中学站,功能站点,金沙医院、中学 ,23.062515,112.954848,丹灶镇,金业路
 生态路南侧,生态路站,工业园,生态工业园 ,23.077942,112.877702,丹灶镇,生态路
 金兴路南侧,金沙市场站,功能站点,金沙城区，市场 ,23.065216,112.959054,丹灶镇,金兴路
 银海大道东侧,银海大道站,工业园,生态工业园 ,23.109805,112.876203,丹灶镇,银海大道北
 博爱路万科金域华庭公交站旁,金域华庭站,交通枢纽、居住区,万科金域华庭周边 ,23.113701,113.096451,大沥镇,体育南路
 联窖路大沥中学边,大沥中学站,学校、居民区,联滘路中学周边 ,23.112482,113.116558,大沥镇,振兴路
 广云路禅炭路口（原三鸟市场地块）,海纳君庭站,交通枢纽、居住区,海纳君庭小区周边 ,23.140514,112.983031,狮山镇,广云路辅路
 滘口路关广佛智慧城前,广佛智城站,产业圈、交通枢纽,广佛智城商业圈 ,23.119715,113.139879,大沥镇,联滘工业大道
 金贸大道新城南市场前金贸大道边绿化带,新城南市场站,产业圈、交通枢纽,新城南市场周边  ,23.107711,113.119514,大沥镇,新发区六路
 广佛路新都会广场人行天桥处,新都会站,产业圈、休闲娱乐,新都会周边 ,23.113136,113.118895,大沥镇,园东路
 大沥兴隆大街老干活动中心前拱北公园内,拱北公园站,公园、居民区,拱北公园居民区周边 ,23.117684,113.116941,大沥镇,拱北街
 广佛路横江牌坊公交站边,横江牌坊站,交通枢纽,广佛路横江布匹市场 ,23.110561,113.165241,大沥镇,横沙路
 广佛路往大沥方向盐步路口公交站旁,盐步路口站,交通枢纽,广佛路北村路五金商城 ,23.112482,113.116558,大沥镇,振兴路
 穗盐路碧翠苑小区前,碧翠苑站,交通枢纽、居住区,碧翠苑小区周边 ,23.096814,113.202268,大沥镇,穗盐东路
 穗盐路盐步时代广场前,时代广场站,居民区、休闲娱乐,时代广场商圈 ,23.095736,113.169223,大沥镇,穗盐西路
 穗盐路骏雅豪庭公交站旁,骏雅豪庭站,交通枢纽、居住区,穗盐路骏雅豪庭 ,23.094304,113.160921,大沥镇,穗盐西路
 穗盐路虎榜市场路口,虎榜市场站,交通枢纽,穗盐路虎榜市场周边 ,23.099114,113.174222,大沥镇,虎榜新村
 河东中心路盐步职业中学大门旁,盐步职业中学站,学校,盐步中学周边 ,23.092546,113.184351,大沥镇,河东中心路
 穗盐路东秀路段原穗盐收费站旁,景裕嘉园站,交通枢纽、居住区,穗盐路景裕嘉园小区 ,23.096341,113.207736,大沥镇,东葵路
 浔峰洲路大沙村委会旁篮球场边,泌冲大沙村站,公勤机关、交通枢纽,大沙居委、市场、万科小区  ,23.154869,113.172448,大沥镇,光明路
 兴联北路三骏市场对面人行道,三骏市场站,交通枢纽、居住区,兴联北路三骏市场周边 村 ,23.13989,113.19843,大沥镇,兴联北路
 伯奇路泌冲居委会前,泌冲居委会站,公勤机关、交通枢纽,伯奇路泌冲居委会 ,23.142823,113.183165,大沥镇,伯奇路
 海北大道沙面横路口海北中学旁人行道上,海北中学站,学校、交通枢纽,海北大道沙面横路口海北中学 ,31.24532,121.476833,北站街道,天潼路
 三乡路白沙居委会旁人行道,白沙居委会站,公勤机关、交通枢纽,三乡路白沙居委、市场周边  ,23.135296,113.194264,大沥镇,三乡路
 伯奇路城际海北广场公交站旁,城际海北广场站,交通枢纽、居住区,伯奇路城际海北广场 ,23.135118,113.184148,大沥镇,三乡路
 黄岐大桥旁江北居委会围墙边人行道上,江北居委会站,公勤机关、交通枢纽,江北社区、附近沙溪村 ,23.125828,113.182435,大沥镇,黄岐大桥
 浔峰州路黄岐高级中学门口侧人行道,黄岐高级中学站,学校,浔峰州路黄岐高级中学 ,23.159866,113.177634,大沥镇,浔峰洲路
 新市路沙溪市场对面人行道上,沙溪市场站,交通枢纽、商圈,新市路沙溪市场，小学周边 ,23.131577,113.191328,大沥镇,沙溪大道
 广佛路黄岐丝绸仓路口人行道,丝绸仓路站,交通枢纽,广佛路黄岐丝绸仓路口周边 ,23.119485,113.190219,大沥镇,鄱阳路
 北沙路邓岗公园旁,邓岗,居住小区,邓岗村 ,23.191913,113.149701,里水镇,麦边路
 滨江东路香堤水岸旁,香堤水岸,居住小区,香堤水岸、艺术河畔 ,23.194904,113.156278,里水镇,滨江东路
 富寿公园桥侧的露天停车场,富寿桥,休闲娱乐,富寿公园 ,23.196056,113.157985,里水镇,富寿西二街
 里水通道宣朗牌坊旁,宣朗村,居住小区,宣朗村 ,23.204783,113.155939,里水镇,里水工业大道
 新兴路与康宁路交界处,里水小学,医院、学校,里水小学、里水医院 ,23.20222,113.155971,里水镇,新兴路
 新兴路行政服务中心路侧停车场,行政服务中心,公勤点,里水行政服务中心 ,23.125414,113.003574,狮山镇,俊景南路
 沿江西路里水第一城广场,里水第一城,居住小区,里水第一城 ,23.187531,113.155164,里水镇,石荣路
 里和路得胜牌坊侧,得胜牌坊,交通枢纽、居住小区,岗头村、岗头公交站 ,23.224899,113.142126,里水镇,里和路
 太行路往广州方向的丰岗公交站侧,丰岗站,交通枢纽,丰岗村、丰岗公交站 ,23.193671,113.17111,里水镇,盛平西路
 安康路和顺医院内停车场,和顺医院,医院,和顺医院 ,23.248341,113.130175,里水镇,康宁路
 文教路铜锣湾广场旁,铜锣湾广场,休闲娱乐、居住小区,铜锣湾广场、和顺花园、 ,23.249756,113.134466,里水镇,和顺花园五街
 南方电网公司旁绿化带,金溪蓝湾,居住小区,金溪蓝湾 ,23.249986,113.125641,里水镇,X493(官和路)
 沿江南路姓蒋球场对面,和顺社区活动中心,公勤点、居住小区,和顺村、和顺社区活动中心 ,23.261379,113.131657,里水镇,沿江南路
 美景大道和顺一中正门旁,和顺一中,学校,和顺一中、和顺小学 ,37.331235,113.563542,义兴镇,永和路
 金逢路和顺行政服务中心旁,和顺行政服务中心,公勤点,和顺行政服务中心 ,37.341958,113.461602,义兴镇,
 金逢路海畔花园车站旁,海畔花园,居住小区,海畔花园 ,23.257298,113.121496,里水镇,金逢路
 金贤路金溪市场绿道旁,金溪市场,市场,金溪社区、金溪市场 ,23.260414,113.125881,里水镇,金贤路
 和顺大道万福城广场,万福城,休闲娱乐,万福城 ,23.201085,113.158616,里水镇,新兴路
 金华西路文体公园的绿道口,金溪,居住小区,金溪社区 ,27.928456,116.746407,秀谷镇,
 水口大道流潮花海入口侧,花海流潮,休闲娱乐,花海流潮 ,23.188296,113.172703,里水镇,流潮大道
 里水大道北新天地广场,新天地广场,交通枢纽,新天地广场 ,23.200653,113.151493,里水镇,下塘路
 里官路公路管养中心左侧,新医院,医院,里水医院 ,23.216378,113.118666,里水镇,S361(里水大道北)
